{"loss": [0.009010655196526876, 0.014846168811532803, 0.025664548082958635, 0.0467808050692889, 0.07879347670959296, 0.1132461777317575, 0.14386423248521113, 0.1730063174602782, 0.14717417212995587, 0.46013421944221694, 0.37235611601880636, 0.3505395345966376, 0.3560902265325079, 0.7429437940485599, 0.7443332663866915, 0.5472258337915449, 0.9645496259941461, 0.7048161153374992, 0.46902595710475, 0.8584106215769934, 0.7084318708994577, 0.42339177042005893, 0.8528049193254814], "mse": [0.006973610253622517, 2.9265374691358637, 36.97641426179467, 88.21026344566079, 132.583127376807, 170.91715674306832, 229.93407302797982, 322.1499781256554, 406.422901622036, 492.9313819244618, 569.9484532436478, 627.0386219673417, 680.6216219733743, 756.8240745724655, 801.1682430219047, 905.7895989886784, 997.1662746005588, 1046.212588861122, 1114.2520424397787, 1176.8063207301295, 1240.3138787685295, 1332.6153646831863, 1411.9726255303187], "mean_q": [0.08922442452361186, 1.6919975850411824, 6.60248653813937, 10.306834000807543, 12.641593571126895, 14.359780246136236, 16.6113019957853, 19.636954608379593, 22.005545641246595, 24.275623707370904, 26.09872315308758, 27.35546313175539, 28.472116414238425, 30.102784269438015, 30.936145275453978, 32.86160781343104, 34.51093085606893, 35.328511232174705, 36.39751415252685, 37.33774426819044, 38.344255219157944, 39.714721375447844, 40.93906227010765], "mean_eps": [0.9703900000000002, 0.947620000000002, 0.9060399999999996, 0.8673399999999994, 0.8421399999999998, 0.8206299999999993, 0.7879599999999999, 0.7376499999999993, 0.6903100000000003, 0.6462099999999991, 0.613, 0.5901400000000002, 0.5646700000000006, 0.5409999999999995, 0.51535, 0.47457999999999945, 0.4221099999999998, 0.3817, 0.34020999999999996, 0.28521999999999986, 0.23616999999999985, 0.20043999999999992, 0.15858999999999993], "episode_reward": [53.00000000000032, 48.67000000000023, 100.06000000000019, 48.5100000000002, 43.6000000000002, 37.35000000000009, 108.20000000000047, 120.38000000000036, 98.73000000000063, 104.91000000000042, 43.510000000000176, 69.05000000000041, 55.48000000000027, 57.16000000000048, 72.62000000000064, 128.21999999999971, 129.15000000000092, 86.78000000000071, 171.63999999999828, 171.17999999999836, 144.77999999999943, 96.98000000000044, 158.76999999999956], "nb_episode_steps": [814, 701, 1146, 572, 551, 407, 1043, 1191, 913, 1048, 427, 590, 542, 509, 631, 1182, 1151, 644, 1201, 1245, 936, 652, 1208], "nb_steps": [814, 1515, 2661, 3233, 3784, 4191, 5234, 6425, 7338, 8386, 8813, 9403, 9945, 10454, 11085, 12267, 13418, 14062, 15263, 16508, 17444, 18096, 19304], "episode": [0, 1, 2, 3, 4, 5, 6, 7, 8, 9, 10, 11, 12, 13, 14, 15, 16, 17, 18, 19, 20, 21, 22], "duration": [8.14636775800318, 11.560743819994968, 18.947668009001063, 9.482323276002717, 9.112033502002305, 6.78492262900545, 17.29419868599507, 19.742440316993452, 15.161021858999447, 17.420921518001705, 7.128740756001207, 9.793655186003889, 8.99969583300117, 8.478191545997106, 10.467982617999951, 19.592250519002846, 19.10363853200397, 10.712063985993154, 19.927713801997015, 20.716243556002155, 15.598692662002577, 10.917542839000816, 20.187338358999114]}